"SubscriptionName","VMName","OSType","OSDiskName","OSMaxDiskIops","OSDiskSku","AvgIopsDisk"
"CloudOps Test Subscription","docker","Linux","docker_disk1_1be3035eea6c4b3a8774187937458665","120","Premium_LRS",""
"CloudOps Test Subscription","test-vm01","Windows","test-vm01_OsDisk_1_4573db981bf94bd4b3d1ebf6a4a10328","500","StandardSSD_LRS",""
"CloudOps Test Subscription","toolsdeploy","Windows","toolsdeploy_disk1_a1fa216b737d44fbad43c4620ef81621","500","StandardSSD_LRS",""
"CloudOps Test Subscription","trainingvm","Linux","trainingvm_OsDisk_1_e6a774f794524d109ea60b4bbb8abfd1","500","Standard_LRS",""
"CloudOps Test Subscription","TestVM001","Windows","TestVM001_OsDisk_1_4eb14aa2e74e49e382e6010b5e8af79d","500","Standard_LRS",""
"CloudOps Test Subscription","sbonds-dns-test-02","Linux","sbonds-dns-test-02_OsDisk_1_48423b4a0f23419fa51dd684331b71c5","240","Premium_LRS",""
"CloudOps Test Subscription","cloudopsad01","Windows","cloudopsad01_disk1_db2b308ff84d4d508f11013fb6df2933","500","Premium_LRS",""
"CloudOps Test Subscription","windows01","Windows","windows01_disk1_34cd84b316a54b44b5ee82ba0ef856c0","500","Premium_LRS",""
"CloudOps Test Subscription","dxc-lin-vm1-s","Linux","dxc-lin-vm1-s_OsDisk_1_c7f4da35b99c4c5f89a53237fed05737","120","Premium_LRS",""
"CloudOps Test Subscription","dxc-lin-vm2-s","Linux","dxc-lin-vm2-s_OsDisk_1_c3550cc4ab364db58f24a5bbe035468e","120","Premium_LRS",""
"CloudOps Test Subscription","dxc-lin-vm-s1","Linux","dxc-lin-vm-s1_disk1_ae08665acf124e16bf33290314bd2f9f","120","Premium_LRS",""
"CloudOps Test Subscription","dxc-win-vm1-s","Windows","dxc-win-vm1-s_OsDisk_1_8afc6c47979e48b698dd446f5a04fe17","500","Premium_LRS",""
"CloudOps Test Subscription","dxc-win-vm2-s","Windows","dxc-win-vm2-s_disk1_5b2f3742ebdd4005bc3993ff7eb8816d","500","Premium_LRS",""
"CloudOps Test Subscription","dxc-win-vm4-s","Windows","dxc-win-vm4-s_disk1_53cb2b4bb8d84ecc90d588c107e0037a","500","Premium_LRS",""
"CloudOps Test Subscription","vault-m-lin","Linux","vault-m-lin_OsDisk_1_d593e0eb052e42c6b32d637fa0e03e73","120","Premium_LRS",""
"CloudOps Test Subscription","vault-m-vm","Windows","vault-m-vm_disk1_4e7db20c3cff430f84abe1798d0fc930","500","Premium_LRS",""
"CloudOps Test Subscription","vm-m","Windows","vm-m_OsDisk_1_e1aacaeef8734101880fc55945f434df","500","Premium_LRS",""
"CloudOps Test Subscription","clunode1","Windows","clunode1_OsDisk_1_cfecec74df4646bc80df4c42923f0cc7","500","StandardSSD_LRS",""
"CloudOps Test Subscription","clunode2","Windows","clunode2_OsDisk_1_c7cbadd77f054639ad20398039281607","500","StandardSSD_LRS",""
"CloudOps Test Subscription","clusnode1","Windows","clusnode1_OsDisk_1_60dbbf0c922d4f1d965a08b6b891fceb","500","StandardSSD_LRS",""
"CloudOps Test Subscription","VMdemo1","Windows","VMdemo1_OsDisk_1_4c64cce445914282b11d9899ece5c8b5","500","Premium_LRS",""
"CloudOps Test Subscription","vmdemo2","Windows","vmdemo2_OsDisk_1_634d9c50f5a149cdb8a2b3861da7aba4","500","Premium_LRS",""
"CloudOps Test Subscription","vmdemo3","Windows","vmdemo3_disk1_b8227cd3a0564f8b8b8b51171a0b561f","500","Premium_LRS",""
"CloudOps Test Subscription","vm-dxc-1","Windows","vm-dxc-1_disk1_b3dc088a089740749661b9d71ed93224","500","Premium_LRS",""
"CloudOps Test Subscription","vm-dxc-6linux","Linux","vm-dxc-6linux_OsDisk_1_1bf2e2be149c491294d089ea9bed9234","120","Premium_LRS",""
"CloudOps Test Subscription","vm-dxc-2linux","Linux","vm-dxc-2linux_OsDisk_1_cbc63e21c2e34f50b6f8c32253eb82c8","120","Premium_LRS",""
"CloudOps Test Subscription","Test-win-s","Windows","Test-win-s_OsDisk_1_7c2bcb6e7421425daa3ede20e719c777","500","Premium_LRS",""
"CloudOps Test Subscription","backuptesting02","Linux","backuptesting02_disk1_2cab05cc5d654a488614db325806826d","120","Premium_LRS",""
"CloudOps Test Subscription","CloudopsAz","Windows","CloudopsAz_OsDisk_1_768ab555594649b680a1e4c86ec91aa2","500","Premium_LRS",""
"CloudOps Test Subscription","win2008","Windows","win2008_OsDisk_1_20005b4c4f89413cb9b6fcf3001824d4","500","Premium_LRS",""
"CloudOps Test Subscription","ScriptServer","Windows","ScriptServer_OsDisk_1_fa26b8d4604a4d8eab629d82cc0a97d9","500","StandardSSD_LRS",""
"CloudOps Test Subscription","AzureDemoVM","Windows","AzureDemoVM_OsDisk_1_fb6922231aa34b06aa5e87e622067409","500","Premium_LRS","1.6630854168323868"
"CloudOps Test Subscription","AsrRecPlan","Windows","AsrRecPlan_OsDisk_1_fc6760257e2b4cf9887500144e7b9f58","500","Premium_LRS",""
"CloudOps Test Subscription","cblpoc-jump","Windows","cblpoc-jump_OsDisk_1_cdbe44c55e524d6584dc036c1fa28a24","500","Premium_LRS",""
"CloudOps Test Subscription","cb-poc-fileserver1","Linux","cb-poc-fileserver1_OsDisk_1_6d012a1f3ff648e5989a639230879ff8","120","Premium_LRS",""
"CloudOps Test Subscription","cb-poc-vm-rhel7","Linux","cb-poc-vm-rhel7_OsDisk_1_b43e1bf1acc348078b7ac2431db0a164","120","Premium_LRS",""
"CloudOps Test Subscription","CloudOps","Windows","CloudOps_OsDisk_1_2bb308815c95489da0440db72a6a183a","500","Premium_LRS",""
"CloudOps Test Subscription","CloudopsAD","Windows","CloudopsAD_OsDisk_1_a0991c7ae1a04b50848dc59964aeeb07","500","Premium_LRS",""
"CloudOps Test Subscription","CloudopsAuot","Windows","cloudopsauot-osdisk-20190726-102244","500","Premium_LRS",""
"CloudOps Test Subscription","CloudopsLocal","Windows","cloudopslocal-osdisk-20190806-082259","500","Premium_LRS",""
"CloudOps Test Subscription","Rhel","Linux","Rhel_OsDisk_1_b0065a3beb364f268bd0306b83bacafb","500","StandardSSD_LRS",""
"CloudOps Test Subscription","arp-vm1","Linux","arp-vm1_disk1_84de4e4156e34822864ca63fcec63f30","120","Premium_LRS",""
"CloudOps Test Subscription","linuxcoe01","Linux","linuxcoe01_OsDisk_1_2368a347409447df94b74f09eee7fd76","500","Standard_LRS",""
"CloudOps Test Subscription","Dxc-LinVm1-s","Windows","Dxc-LinVm1-s_OsDisk_1_e1dfe81a682647eb8920a40acf694c73","500","Premium_LRS",""
"CloudOps Test Subscription","selfhealhrwvm","Windows","selfhealhrwvm-osDisk","500","Standard_LRS",""
"CloudOps Test Subscription","siem-8036","Linux","siem-8036_OsDisk_1_d42e888b1bef4190a7e5ac9fb8875fae","500","StandardSSD_LRS",""
"CloudOps Test Subscription","vm2019","Windows","vm2019_OsDisk_1_aadb592cb9154d4981288b548be34423","500","StandardSSD_LRS",""
"CloudOps Test Subscription","vmcentos77","Linux","vmcentos77_OsDisk_1_9cd92a6c5ec9499081a05163a17d34ea","120","Premium_LRS",""
"CloudOps Test Subscription","dxc-win-vm-s","Windows","dxc-win-vm-s_disk1_6b415a5688e74667876cb3ff7223552a","500","Premium_LRS",""
"CloudOps Test Subscription","testvm2","Windows","testvm2_OsDisk_1_27c80def30604f2baa97427776bfdceb","500","Standard_LRS",""
"CloudOps Test Subscription","testvm2","Windows","testvm2_OsDisk_1_6d36e07e40394acc9a610cb77209f2f9","500","Standard_LRS",""
"CloudOps Test Subscription","Imran-Ubuntu","Linux","Imran-Ubuntu_OsDisk_1_65b261f9fc1b4797a7a6f7e1f6262eb0","500","Standard_LRS",""
"CloudOps Test Subscription","Imran-Windows","Windows","Imran-Windows_disk1_2765b8e1b9b24e2fa820d0d81b5a4fd4","500","Standard_LRS",""
"CloudOps Test Subscription","WindowVM-ShashiKK-Test01","Windows","WindowVM-ShashiKK-Test01_disk1_ce315f7da5814de5bd6d57c6e4b25792","500","Standard_LRS",""
"CloudOps Test Subscription","dnschachingpinnell","Linux","dnschachingpinnell_OsDisk_1_dff12f19f74c429585856823210137a3","240","Premium_LRS",""
"CloudOps Test Subscription","pinnelse-win10","Windows","pinnelse-win10_OsDisk_1_c6dba23c233b48b29aa56c71d810fb17","500","StandardSSD_LRS",""
"CloudOps Test Subscription","PowerBI-Dev","Windows","PowerBI-Dev_disk1_24c7aeef36f74494bda348b77f473aac","500","StandardSSD_LRS",""
"CloudOps Test Subscription","PowerBiReports-DND","Windows","PowerBiReports-DND_OsDisk_1_14c5e73a344c42519287ac739e455f91","500","Premium_LRS",""
"CloudOps Test Subscription","Rakshitha11-test","Windows","Rakshitha11-test_OsDisk_1_7718a18ccaa747fb98537ce83494dc75","500","Premium_LRS",""
"CloudOps Test Subscription","Rakshitha-22-test","Windows","Rakshitha-22-test_OsDisk_1_1b9a28eefa3d4db6bcdd31d127f10554","2300","Premium_LRS",""
"CloudOps Test Subscription","Rakshitha-testVM1","Windows","Rakshitha-testVM1_OsDisk_1_bb80be1e3bd84b8898c4066a4df70d31","500","Premium_LRS",""
"CloudOps Test Subscription","Rakshitha-testVM2","Windows","Rakshitha-testVM2_disk1_82c6f6a0dfb64cef857ac41cd2667f05","500","Premium_LRS",""
"CloudOps Test Subscription","Rakshitha-textVM3","Windows","Rakshiths-testAV1VM_OsDisk_1_6bb9e4ef41c14a1388c83ab39a340c1b","500","Premium_LRS",""
"CloudOps Test Subscription","Rakshitha-DRVM","Windows","Rakshitha-DRVM_OsDisk_1_fe8a0edf042a484d80e9e9803ea8654d","500","Premium_LRS",""
"CloudOps Test Subscription","VM-CPB-PraveenH1","Linux","VM-CPB-PraveenH1_OsDisk_1_f40fa0be515d47d3863782a4517b21df","120","Premium_LRS",""
"CloudOps Test Subscription","VM-CPB-PraveenH2","Linux","VM-CPB-PraveenH2_OsDisk_1_6c7718e5c1b14527b8261cbf9c984618","120","Premium_LRS",""
"CloudOps Test Subscription","VM-Praveen-CPB-SBD","Linux","VM-Praveen-CPB-SBD_OsDisk_1_59761c11792f40e0a13a6a60f385b2c7","120","Premium_LRS",""
"CloudOps Test Subscription","VM-DXC-PraveenHA1","Linux","VM-DXC-PraveenHA1_OsDisk_1_c1b7c1a3f3404e1282e7d4219013d67d","120","Premium_LRS",""
"CloudOps Test Subscription","VM-DXC-PraveenHA2","Linux","VM-DXC-PraveenHA2_OsDisk_1_90a6998b12f3467fa21c7a6406fc6d3a","120","Premium_LRS",""
"CloudOps Test Subscription","VM-DXC-PraveenJS","Windows","VM-DXC-PraveenJS_disk1_ecf04963d03b4e71ab3d4a8cdd5b5442","500","Premium_LRS",""
"CloudOps Test Subscription","VM-DXC-PraveenSBD","Linux","VM-DXC-PraveenSBD_OsDisk_1_4e63133fd1784db8a826a7f36675ee8f","120","Premium_LRS",""
"CloudOps Test Subscription","debian1","Linux","debian1_OsDisk_1_8690c7a7d41d44f889a160a576edce25","120","Premium_LRS",""
"CloudOps Test Subscription","debian2","Linux","debian2_OsDisk_1_75e91efc17cf4747b4e2b2d9b47236d2","120","Premium_LRS",""
"CloudOps Test Subscription","debian3","Linux","debian3_OsDisk_1_8a124b29711b43d0abc9f3caa830e018","120","Premium_LRS",""
"CloudOps Test Subscription","jumphost","Linux","jumphost_OsDisk_1_9039488efc054b058588797225b65a41","500","Standard_LRS",""
"CloudOps Test Subscription","DRExerciseVM","Windows","DRExerciseVM_OsDisk_1_744119e01e524beb80f6b76b74bdc03c","500","StandardSSD_LRS",""
"CloudOps Test Subscription","Testgfortigate-FGT-A","Linux","Testgfortigate-FGT-A_OsDisk_1_bc4352ddc0614069b107e52c5b0df7f8","120","Premium_LRS",""
"CloudOps Test Subscription","kshetty8-vpn-01","Windows","kshetty8-vpn-01_OsDisk_1_0f1678aba4cd4034b6a75cb35d34287a","500","Premium_LRS",""
"CloudOps Test Subscription","basiclbprac1","Windows","basiclbprac1_OsDisk_1_1fecfc9e97294babb9b9b7fddd90fac0","500","StandardSSD_LRS",""
"CloudOps Test Subscription","basiclbprac2","Windows","basiclbprac2_OsDisk_1_9b267ad916674dd29fdd3168cdda325a","500","StandardSSD_LRS",""
"CloudOps Test Subscription","CTSJUMPHOST01EUS","Windows","CTSJUMPHOST01EUS_OsDisk_1_0c6212c202e24f7f90482487b9bfeea8","500","StandardSSD_LRS",""
"CloudOps Test Subscription","DMZtest","Windows","DMZtest_OsDisk_1_fa2304b320064df0ad169c03833a930b","500","StandardSSD_LRS",""
"CloudOps Test Subscription","DREXE1017","Windows","DREXE1017_OsDisk_1_8d458cf0c8ee47a19c72275a05ae143a","500","StandardSSD_LRS",""
"CloudOps Test Subscription","swathyVM","Windows","swathyVM_OsDisk_1_a3d8da3db2d34e5fadd395606124a3a8","500","Standard_LRS",""
"CloudOps Test Subscription","sbonds-eastus-01","Linux","sbonds-eastus-01_OsDisk_1_9d70571df05f479cac90c3d87507f89f","500","Standard_LRS",""
"CloudOps Test Subscription","sbonds-sles01","Linux","sbonds-sles01_OsDisk_1_69e04bdc58af453ba9f53ce850ca0cba","120","Premium_LRS",""
"CloudOps Test Subscription","sbonds-sles02","Linux","sbonds-sles02_OsDisk_1_7640371a239e4befbb1d8c168ed00748","120","Premium_LRS",""
"CloudOps Test Subscription","sles-iscsi-usw2-01","Linux","sles-iscsi-usw2-01_OsDisk_1_63b5558a49a240bd95b6afa353689879","120","Premium_LRS",""
"CloudOps Test Subscription","sbonds-vpn-01","Windows","sbonds-vpn-01_disk1_287a5dab0064406f91fa7b4c0b6eefcd","500","Premium_LRS",""
"CloudOps Test Subscription","sbonds-vpn-07","Windows","sbonds-vpn-07_OsDisk_1_3889bb33051747819d90595b56216f5d","500","Premium_LRS",""
"CloudOps Test Subscription","santiacvm","Linux","santiacvm_OsDisk_1_e4b28786e57049db80cb9c6b2de1f45b","120","Premium_LRS",""
"CloudOps Test Subscription","santiacvm2","Linux","santiacvm2_OsDisk_1_644b28b34cec40f584269e80c88af107","120","Premium_LRS",""
"CloudOps Test Subscription","syedlinuxmachine","Linux","syedlinuxmachine_disk1_497b5d2ccea1488f99bef7f6a4b33005","500","StandardSSD_LRS",""
"CloudOps Test Subscription","SyedTestVM","Windows","SyedTestVM_disk1_8e5ef00fe9ac487ba2aa3c49ad6aeb47","500","Premium_LRS",""
"CloudOps Test Subscription","syedvmtest1","Windows","syedvmtest1","500","Premium_LRS",""
"CloudOps Test Subscription","rithin-hana-poc-db02","Linux","rithin-hana-poc-db02_OsDisk_1_4683e4e987b0443bb1365a682c828027","120","Premium_LRS",""
"CloudOps Test Subscription","rithin-hana-poc-db1","Linux","rithin-hana-poc-db1_OsDisk_1_7351e041ba214d8ea6e98181fcc8283a","120","Premium_LRS",""
"CloudOps Test Subscription","rithin-poc-hana-sbd1","Linux","rithin-poc-hana-sbd1_OsDisk_1_5f2a9b1332f24d4bb586127a9af37945","120","Premium_LRS",""
"CloudOps Test Subscription","rithin-poc-hana-sbd2","Linux","rithin-poc-hana-sbd2_OsDisk_1_a3d48ef4fdfc48829c86e29426e8c053","120","Premium_LRS",""
"CloudOps Test Subscription","rithin-poc-hana-sbd3","Linux","rithin-poc-hana-sbd3_OsDisk_1_46c69a2a273c47be9d88131f6bb9f42a","120","Premium_LRS",""
"CloudOps Test Subscription","Windows10JUMP","Windows","Windows10JUMP_disk1_4a16c7a16ccc4e8da9e9409c5ed856eb","500","Standard_LRS",""
"CloudOps Test Subscription","VMruel01","Linux","VMruel01_OsDisk_1_74bc647c7d8b4fb9955427ce9c9f7511","120","Premium_LRS",""
"CloudOps Test Subscription","caching-dns-server","Linux","caching-dns-server_OsDisk_1_ac024bad21f14529b4e0ff4897b8f895","240","Premium_LRS",""
"CloudOps Test Subscription","rhel8","Linux","rhel8_OsDisk_1_beeb26ef5ad84588952c590547cb7aa6","500","Standard_LRS",""
"CloudOps Test Subscription","test-vpn","Windows","test-vpn_OsDisk_1_202fb1d9a37646f697cdeee3304ca6a9","500","Standard_LRS",""
"CloudOps Test Subscription","sbonds-nfs-client-use-01","Linux","sbonds-nfs-client-use-01_OsDisk_1_7029b9b9cd6f4ed680c9feba7434122e","240","Premium_LRS",""
"CloudOps Test Subscription","sbonds-nfs-server-proxy-01","Linux","sbonds-nfs-server-proxy-01_OsDisk_1_5e099bc9d7b643378ceb79f6efe1f8e4","240","Premium_LRS",""
"CloudOps Test Subscription","Aendevprism","Linux","Aendevprism_disk1_413fe7cfc5014344a2ec27c628e3894a","500","Standard_LRS",""
"CloudOps Test Subscription","Aendevprr01","Linux","Aendevprr01_disk1_90c88b0c93874d788515f4166eeb55dc","500","Standard_LRS",""
"CloudOps Test Subscription","Aendevprr02","Linux","Aendevprr02_disk1_a2a08ed4debb42f194547e1e51355ea8","500","Standard_LRS",""
"CloudOps Test Subscription","Aendevprr03","Linux","Aendevprr03_disk1_19744dce2fd14c1db140562e5767501e","500","Standard_LRS",""
"CloudOps Test Subscription","SCOR-POC","Linux","SCOR-POC_OsDisk_1_c98036d8fa664414a83b3883ca91d043","240","Premium_LRS",""
"CloudOps Test Subscription","SmartHotelHost","Windows","SmartHotelHost_OsDisk","500","Premium_LRS",""
"CloudOps Test Subscription","CrowdStrikeORR","Windows","CrowdStrikeORR_OsDisk_1_0ffe4f6071f04652b7d2a3b6b0957538","500","Standard_LRS",""
"CloudOps Test Subscription","LAtesting","Windows","LAtesting_OsDisk_1_75e0d4660a2948c88fe7b8f93a2c9592","500","Standard_LRS",""
"CloudOps Test Subscription","vm-dxc-3","Windows","vm-dxc-3_disk1_727dddf368d24243b5d43ae72c321405","500","Premium_LRS",""
"CloudOps Test Subscription","vm-dxc-5","Windows","vm-dxc-5_disk1_102ec303642b446cb57f42bfce27d828","500","Premium_LRS",""
"CloudOps Test Subscription","ABHI01","Windows","ABHI01_OsDisk_1_874c8a1b0a3b45318e50e236dae9de15","500","StandardSSD_LRS",""
"CloudOps Test Subscription","ABHI-Windows10Server","Windows","ABHI-Windows10Server_OsDisk_1_b6528ea94c7d4f87837c4e61f88bbc0f","500","Premium_LRS",""
"CloudOps Test Subscription","Test-VM1","Linux","Test-VM1_OsDisk_1_9f56609245884f79a8a5ed000ac01b38","120","Premium_LRS",""
"CloudOps Test Subscription","Test-VM2-RHEL8","Linux","Test-VM2-RHEL8_OsDisk_1_52effd727cf54008b05a5d698cf0e9b2","240","Premium_LRS",""
"CloudOps Test Subscription","test-lunix-vm","Linux","test-lunix-vm_OsDisk_1_c5aadc844d064007a02405a0b72d1ccd","500","Standard_LRS",""
"CloudOps Test Subscription","asr-vm1","Windows"," ",,,"1.8182319990546087"
"CloudOps Test Subscription","asr-vm2","Windows","asrvm2-osdisk-20200710-091235","500","Premium_LRS",""
"CloudOps Test Subscription","simpleLinuxVM","Linux","simplelinuxvm_osdisk_1_aaa459312cf94f7baee12477d335d102-ASRReplica","500","Standard_LRS",""
"CloudOps Test Subscription","CloudopsAz","Windows","CloudopsAz_OsDisk_1_768ab555594649b680a1e4c86ec91aa2","500","Premium_LRS",""
"CloudOps Test Subscription","Testmachine","Windows","Testmachine_OsDisk_1_c24e5c97a7104f178df2eedec2d74e9e","500","Premium_LRS",""
"CloudOps Test Subscription","RudraTest","Windows","RudraTest_OsDisk_1_7fdbf29cabc0447a9e1cd35f4c209349","500","Standard_LRS","36.472880708455456"
"CloudOps Test Subscription","Test-VM01","Windows","Test-VM01_disk1_bbd7f30784ca44abb1639e7a6f8b4a07","500","Premium_LRS",""
"CloudOps Test Subscription","Win10ProN-Jax","Windows","Win10ProN-Jax_OsDisk_1_8818daa2de794a088f41b741e053554a","500","Premium_LRS",""
"CloudOps Test Subscription","ubuntublob","Linux","ubuntublob_OsDisk_1_b5ccbdb8197347a0b5aea453d4e3cdae","500","Standard_LRS",""
"CloudOps Test Subscription","AutoScaling-AV1","Windows","AutoScaling-AV1_OsDisk_1_91c27042c70a4ad6a889437b235a3a31","500","Premium_LRS",""
"CloudOps Test Subscription","AutoScaling-AV2","Windows","AutoScaling-AV2_OsDisk_1_400e11311b214ae1b05f82a3460eedcd","500","Premium_LRS",""
"CloudOps Test Subscription","Computetest1","Windows","Computetest1_OsDisk_1_da1bd11a31e74329ab4f7dff81516bda","500","Premium_LRS",""
"CloudOps Test Subscription","VMResize-ahold","Windows","VMResize-ahold_OsDisk_1_4a4b09d637a84602a7c2fcca6c62c002","500","Premium_LRS",""
"CloudOps Test Subscription","sles15test","Linux","sles15test_OsDisk_1_55b22996aead4fc48984493e92222a66","120","Premium_LRS",""
"CloudOps Test Subscription","irwan-cluster01","Linux","irwan-cluster01_OsDisk_1_eec71aff1ea04a6cab91ba723a48dfb6","500","Standard_LRS",""
"CloudOps Test Subscription","irwan-cluster02","Linux","irwan-cluster02_OsDisk_1_ba332d96aa334a1f8b89b96ae07a464e","500","Standard_LRS",""
"CloudOps Test Subscription","irwan-cluster3a","Linux","irwan-cluster3a_OsDisk_1_4e04a7699c5749969e8a3bf5a08fce5e","120","Premium_LRS",""
"CloudOps Test Subscription","irwan-cluster3b","Linux","irwan-cluster3b_OsDisk_1_f9b92084464341a7a6fb80d997599b56","120","Premium_LRS",""
"CloudOps Test Subscription","irwan-cluster3-sbd01","Linux","irwan-cluster3-sbd01_OsDisk_1_13ee8a3df5eb4f67afa276fb47a3c73e","120","Premium_LRS",""
"CloudOps Test Subscription","irwan-jump01","Linux","irwan-jump01_OsDisk_1_7c0f4f8c4b724611b8b76d725acf5947","500","Standard_LRS",""
"CloudOps Test Subscription","irwan-jump02","Linux","irwan-jump02_OsDisk_1_431b40b20ae141d99f3f438c00fb3784","500","Standard_LRS",""
"CloudOps Test Subscription","irwan-rhel7-test","Linux","irwan-rhel7-test_OsDisk_1_5aef9bc8c62448e78369e4fcd66919de","500","Standard_LRS",""
"CloudOps Test Subscription","irwan-rhel7-test2","Linux","irwan-rhel7-test2_OsDisk_1_85e5ac699051410aa31da4e57cc6345e","500","StandardSSD_LRS",""
"CloudOps Test Subscription","irwan-sbd01","Linux","irwan-sbd01_OsDisk_1_ebc99f679b9649a0a496becbb5363543","500","Standard_LRS",""
"CloudOps Test Subscription","irwan-vpn-01","Windows","irwan-vpn-01_OsDisk_1_fbd093118c2b406da802e64ab8d5673e","500","Premium_LRS",""
"CloudOps Test Subscription","kshetty-az400-devmachine","Windows","kshetty-az400-devmachine_OsDisk_1_c56eb4013ba641a69a44f2fc7b8aeea2","500","StandardSSD_LRS",""
"CloudOps Test Subscription","test3","Windows","test3_OsDisk_1_2dcb6501b3d948e8bacf5dcc8031c201","500","Standard_LRS",""
"CloudOps Test Subscription","vmlinux","Linux","vmlinux_OsDisk_1_f3df231208d94e41982d986a0dd8374c","500","StandardSSD_LRS",""
"CloudOps Test Subscription","aravmdc-8036","Windows","aravmdc-8036_OsDisk_1_0276ad97fd3241dbadb150e02d69f66d","500","StandardSSD_LRS","2.1090664653187514"
"CloudOps Test Subscription","aravmdev01-8036","Windows","aravmdev01-8036_OsDisk_1_49ee711cc5154f85866f9993c8465f43","500","StandardSSD_LRS","4.044923898024727"
"CloudOps Test Subscription","aravmdev03-8036","Windows","aravmdev03-8036_OsDisk_1_737ccccc61604409b5123b0c086388a8","500","StandardSSD_LRS","3.450260588248147"
"CloudOps Test Subscription","vmdc-8036","Windows","vmdc-8036-osDisk","500","StandardSSD_LRS","2.1090664653187514"
"CloudOps Test Subscription","vmdev-8036","Windows","vmdev-8036_OsDisk_1_2961612a4fd349998e567e488efb3894","500","StandardSSD_LRS",""
"CloudOps Test Subscription","vmtest01-8036","Windows","vmtest01-8036_OsDisk_1_8cebe2f8d38f46568d499cfae72d0217","500","StandardSSD_LRS",""
"CloudOps Test Subscription","Win10Test","Windows","Win10Test_OsDisk_1_9118e3bbb76045348db68cddf4459e07","500","Premium_LRS",""
"CloudOps Test Subscription","vm-kshetty-oms","Linux","vm-kshetty-oms_OsDisk_1_6889b65e1f37435eb7de2167a79b9d8f","500","StandardSSD_LRS",""
"CloudOps Test Subscription","setestvm","Linux","setestvm_disk1_b7956cbd1b474cd7bb142ceeee91e7ac","120","Premium_LRS",""
"CloudOps Test Subscription","fileshare","Windows","fileshare_OsDisk_1_96f44799f00941d78869d8a33385cc0f","500","Premium_LRS",""
"CloudOps Test Subscription","ansawxcldsrv01s","Linux","ansawxcldsrv01s_OsDisk_1_616cbc7a22ce4f8c8dcc4d89e2ef9119","240","Premium_LRS",""
"CloudOps Test Subscription","ansawxcldsrv02s","Linux","ansawxcldsrv02s_OsDisk_1_1dcad683ba95459d8ddbd88e13c4dc96","240","Premium_LRS",""
"CloudOps Test Subscription","anscldtstcli01s","Linux","anscldtstcli01s_OsDisk_1_e72de1c45ec640428d6efbb0230d7309","240","Premium_LRS",""
"CloudOps Test Subscription","anscldtstsrv01s","Linux","anscldtstsrv01s_OsDisk_1_92994c881d0a4f6e8d57b97ad946e325","240","Premium_LRS",""
"CloudOps Test Subscription","ansible-awx2","Linux","ansible-awx2_OsDisk_1_e034f6f9aaa445b4a27aa602a3bdb4ff","500","Standard_LRS",""
"CloudOps Test Subscription","cldanssrv01s","Linux","cldanssrv01s_OsDisk_1_b4a86c496a1d452cb2dfc30ef3bedb77","240","Premium_LRS",""
"CloudOps Test Subscription","cldtstol6srv01s","Linux","cldtstol6srv01s_OsDisk_1_233ff7ce2e17422a8f16a53bcf9df325","120","Premium_LRS",""
"CloudOps Test Subscription","cldtstol7srv01s","Linux","cldtstol7srv01s_OsDisk_1_b83c5250b25744a89acfcdd362a3af9e","120","Premium_LRS",""
"CloudOps Test Subscription","cldtstrh6srv01s","Linux","cldtstrh6srv01s_OsDisk_1_0ef0bb6b3aef4486849e376179c67ea7","120","Premium_LRS",""
"CloudOps Test Subscription","cldtstsl12srv01s","Linux","cldtstsl12srv01s_OsDisk_1_c6f34b14f9ae484a87b110798840b49a","120","Premium_LRS",""
"CloudOps Test Subscription","cldtstsrv01s","Linux","cldtstsrv01s_OsDisk_1_0c20af57e2604bd8989b381fc68a5757","240","Premium_LRS",""
"CloudOps Test Subscription","tstvm01","Linux","tstvm01_OsDisk_1_1569bf330d8f48aeae18091f763f719f","240","Premium_LRS",""
"CloudOps Test Subscription","dxc-lin-vm-s","Linux","dxc-lin-vm-s_OsDisk_1_d7f6e26d2d594acd8866ef6f9e893507","120","Premium_LRS",""
"CloudOps Test Subscription","TEST1","Windows","TEST1_OsDisk_1_c4391cf1476147e79fbfbff84116ec24","500","Standard_LRS",""
"CloudOps Test Subscription","TEST2","Windows","TEST2_OsDisk_1_db0618862db0473bb6c6423fc036babb","500","Standard_LRS",""
"CloudOps Test Subscription","VM-01","Windows","VM-01_OsDisk_1_f62dbc78e09940e19e1a832b4513e965","500","Standard_LRS",""
"CloudOps Test Subscription","VM-02","Windows","VM-02_disk1_c08a34ef0f2943aebfafb993b6ce540b","500","Standard_LRS",""
"CloudOps Test Subscription","VM-03","Windows","VM-03_disk1_fb1928fb52de400da12661273e3b30e5","500","Standard_LRS",""
"CloudOps Test Subscription","VM-04","Windows","VM-04_disk1_3c3d0ca4a2ae4c838f0a9761600a736c","500","Premium_LRS",""
"CloudOps Test Subscription","VM-05","Windows","VM-05_OsDisk_1_df5404ddbbf5484abd3b2c54c37822c5","500","Premium_LRS",""
"CloudOps Test Subscription","testsuse1","Linux","testsuse1_OsDisk_1_2587a3100a814850a06af3c471e5598f","120","Premium_LRS",""
"CloudOps Test Subscription","AsrRecPlan","Windows","AsrRecPlan_OsDisk_1_fc6760257e2b4cf9887500144e7b9f58","500","Premium_LRS",""
"CloudOps Test Subscription","asr-vm1","Windows"," ",,,"1.8182319990546087"
"CloudOps Test Subscription","asr-vm2","Windows","asrvm2-osdisk-20200710-091235","500","Premium_LRS",""
"CloudOps Test Subscription","simpleLinuxVM","Linux","simpleLinuxVM_OsDisk_1_aaa459312cf94f7baee12477d335d102","500","Standard_LRS",""
"CloudOps Test Subscription","testvm2","Windows","testvm2_OsDisk_1_23a682b3165f45eabe2d29fd9fe945d4","500","Standard_LRS",""
"CloudOps Test Subscription","Rakshitha-linux-test","Linux","Rakshitha-linux-test_OsDisk_1_6f236ba5d8804d36ac316f28d75c8183","240","Premium_LRS",""
"CloudOps Test Subscription","window-twst","Windows","window-twst_disk1_f9f7e54924fb4d1cb517268ff78dd8ad","500","Premium_LRS",""
"CloudOps Test Subscription","SyedTestVM-test","Windows","SyedTestVM_disk1_8e5ef00fe9ac487ba2aa3c49ad6aeb47-ASRtest","500","Premium_LRS",""
"CloudOps Test Subscription","pointtositetestclient","Windows","pointtositetestclient_OsDisk_1_7ec5ad5c12fd44d6973ad929970982d2","500","Standard_LRS",""
"CloudOps Test Subscription","rudravm1","Windows","rudravm1_disk1_a0039bcc23674bf3a0c063eb322020a5","500","Premium_LRS","4.715876457670215"
"CloudOps Test Subscription","sbondspulse02","Linux","sbondspulse02-osdisk","240","Premium_LRS",""
"CloudOps Test Subscription","amazruse-rhel8-base-vm-20210615-214257","Linux","amazruse-rhel8-base-vm-20210615-214257_OsDisk_1_73e9cbb0142f48ffbf5bd6cdd459475a","500","Premium_LRS",""
"CloudOps Test Subscription","amazruse-sles15sapgen2-base-vm-20210901-231326","Linux","amazruse-sles15sapgen2-base-vm-20210901-2OS__1_0ea71f26d8364000bf85311c71ba681a","500","Premium_LRS",""
"CloudOps Test Subscription","amazruse-sles15sapgen2-base-vm-20211218-000828","Linux","amazruse-sles15sapgen2-base-vm-20211218-0OS__1_7c163dd3346748c2bc10231c7f2c02ae","500","Premium_LRS",""
"CloudOps Test Subscription","sbonds-build-20210406-195634","Linux","sbonds-build-20210406-195634_OsDisk_1_7d320896b79f4cb1905938248bd8de6a","240","Premium_LRS",""
"CloudOps Test Subscription","sbonds-aad-login-test-01","Linux","sbonds-aad-login-test-01_OsDisk_1_ccac3b8d3dbb406d93e5d3790e1c8ccc","500","Standard_LRS",""
"CloudOps Test Subscription","sbonds-ad-01","Windows","sbonds-ad-01_disk1_cd0d7d2f3972460dbf45787271d2da60","500","Premium_LRS",""
"CloudOps Test Subscription","sbonds-ad-02","Windows","sbonds-ad-02_OsDisk_1_d0a4c800b2c540d7b5941f73ea93c861","500","Premium_LRS",""
"CloudOps Test Subscription","sbonds-diffmaster01","Linux","sbonds-diffmaster01_OsDisk_1_e9bde3bceb4d45c1b9451e8e263ca110","240","Premium_LRS",""
"CloudOps Test Subscription","sbonds-onboarding-windows","Windows","sbonds-onboarding-windows_OsDisk_1_28bb7e450aab4b4b89cd647d98d3338f","500","Premium_LRS",""
"CloudOps Test Subscription","sbonds-rhel7-kdump","Linux","sbonds-rhel7-kdump_OsDisk_1_252891819b3c41fb90ed03ef51be01b7","500","Standard_LRS",""
"CloudOps Test Subscription","sbonds-sles15-sp3-kdump","Linux","sbonds-sles15-sp3-kdump_OsDisk_1_32c876470c3d4666ab1498a73ea91e52","500","Standard_LRS",""
"CloudOps Test Subscription","jumphost01","Windows","jumphost01_OsDisk_1_04e2fa1e264f4f569c13145f3d235f89","500","Standard_LRS",""
"CloudOps Test Subscription","tower01","Linux","tower01_OsDisk_1_7146d26e45b047bb962503c154e1f037","500","Standard_LRS",""
"CloudOps Test Subscription","tower02","Linux","tower02_OsDisk_1_11867fc1f42e4e6daf6f748d1ba2b57c","500","Standard_LRS",""
"CloudOps Test Subscription","rhel7-sap-hana","Linux","rhel7-sap-hana_OsDisk_1_0b1c57147f5a4ccc8d4f25c0ebc84877","240","Premium_LRS",""
"CloudOps Test Subscription","app01-sbonds-sap-sles","Linux","app01-sbonds-sap-sles_OsDisk_1_42e61106dc84489295e3fd6edf414f22","120","Premium_LRS",""
"CloudOps Test Subscription","db01-sbonds-sap-sles","Linux","db01-sbonds-sap-sles_OsDisk_1_49e4a69eac9b43be9d770e2d9b0f6f67","120","Premium_LRS",""
"CloudOps Test Subscription","db02-sbonds-sap-sles","Linux","db02-sbonds-sap-sles_OsDisk_1_2b6fd1c5bde44dc781185598dbc0c04b","120","Premium_LRS",""
"CloudOps Test Subscription","jump01-sbonds-sap-sles","Linux","jump01-sbonds-sap-sles_OsDisk_1_797215603b79483a907d61e4928ecec0","500","Standard_LRS",""
"CloudOps Test Subscription","jump02-sbonds-sap-sles","Linux","jump02-sbonds-sap-sles_OsDisk_1_2dc9ba5e3092436a9b4de9b03bdc322a","500","Standard_LRS",""
"CloudOps Test Subscription","sbd01-sbonds-sap-sles","Linux","sbd01-sbonds-sap-sles_OsDisk_1_7806155350114b0cacb0d301da78a739","120","Premium_LRS",""
"CloudOps Test Subscription","sbd02-sbonds-sap-sles","Linux","sbd02-sbonds-sap-sles_OsDisk_1_c0a1fa504e6c47ff96683d40052bb559","120","Premium_LRS",""
"CloudOps Test Subscription","sbd03-sbonds-sap-sles","Linux","sbd03-sbonds-sap-sles_OsDisk_1_fd8053e00d1341fba8a64000863ffeef","120","Premium_LRS",""
"CloudOps Test Subscription","mytestsrv","Windows","mytestsrv_OsDisk_1_9e2cf007e0014a7ba4c7801b8bd010d4","500","Standard_LRS",""
"CloudOps Test Subscription","appgw1","Linux","appgw1_OsDisk_1_be3eeb261070486a9fc7670ce4410447","120","Premium_LRS",""
"CloudOps Test Subscription","appgw2","Linux","appgw2_OsDisk_1_7d0e92dd47c14702bb8a911d29f67c26","500","Standard_LRS",""
"CloudOps Test Subscription","sbonds-nfs-client-usw2-01","Linux","sbonds-nfs-client-usw2-01_OsDisk_1_c33db7ff59b94b28a293052b7f0fc2fc","240","Premium_LRS",""
"CloudOps Test Subscription","sbonds-v3-01","Windows","sbonds-v3-01_disk1_ba1703f0241a474caec4b742daee5182","500","StandardSSD_LRS",""
